--
-- Current Database: shrinkwrap
--

--- USE shrinkwrap;

--
-- Dumping data for table marketing_bundle
--

SET DATABASE REFERENTIAL INTEGRITY FALSE;

INSERT INTO marketing_bundle (id, name, description, code, active, created_at, updated_at) VALUES (1, 'Base Module', 'A module for all non-paid features', 'baseModule', 1, '2015-12-08 12:28:03', '2015-12-08 12:28:03'),(2, 'Search Engine Optimization', 'Search Engine Optimization Bundle', 'searchEngineOptimization', 1, '2015-12-08 12:28:03', '2015-12-08 12:28:03'),(3, 'Program Analysis', 'Program Analysis Bundle', 'programAnalysis', 1, '2015-12-08 12:28:03', '2015-12-08 12:28:03'), (4, 'Advanced Report Builder', 'Advanced Report Builder Bundle', 'advancedReportBuilder', 1, '2015-12-08 12:28:03', '2015-12-08 12:28:03'), (5, 'Life Cycle Modeler', 'Life Cycle Modeler Bundle', 'lifeCycleModeler', 1, '2015-12-08 12:28:03', '2015-12-08 12:28:03'), (6, 'Planning and Coordination', 'Planning and Coordination Bundle', 'planningAndCoordination', 1, '2015-12-08 12:28:03', '2015-12-08 12:28:03'), (7, 'Sales Intelligence', 'Sales Intelligence Bundle', 'salesIntelligence', 1, '2015-12-08 12:28:03', '2015-12-08 12:28:03'), (8, 'Sales Intelligence Add Ons (plug-ins)', 'Sales Intelligence Add Ons (plug-ins) Bundle', 'salesIntelligenceAddOnsPluginsBundle', 1, '2015-12-08 12:28:03', '2015-12-08 12:28:03'), (9, 'Ad Personalization', 'Ad Personalization Bundle', 'adPersonalization', 1, '2015-12-08 12:28:03', '2015-12-08 12:28:03'), (10, 'Social Marketing', 'Social Marketing Bundle', 'socialMarketing', 1, '2015-12-08 12:28:03', '2015-12-08 12:28:03'), (11, 'Events and Webinars', 'Events and Webinars Bundle', 'eventsAndWebinars', 1, '2015-12-08 12:28:03', '2015-12-08 12:28:03'), (12, 'Mobile Engagement', 'Mobile Engagement Bundle', 'mobileEngagement', 1, '2015-12-08 12:28:03', '2015-12-08 12:28:03'), (13, 'Workspaces and Partitions', 'Workspaces and Partitions Bundle', 'workspacesAndPartitions', 1, '2015-12-08 12:28:03', '2015-12-08 12:28:03'), (14, 'Custom Objects', 'Custom Objects Bundle', 'customObjects', 1, '2015-12-08 12:28:03', '2015-12-08 12:28:03'), (15, 'Native SFDC and MSD CRM Integration', 'Native SFDC and MSD CRM Integration Bundle', 'nativeSfdcMsdCrmIntegration', 1, '2015-12-08 12:28:03', '2015-12-08 12:28:03'), (16, 'Web Personalization', 'Web Personalization Bundle', 'webPersonalization', 1, '2015-12-08 12:28:03', '2015-12-08 12:28:03'), (17, 'Account Based Marketing', 'Account Based Marketing Bundle', 'accountBasedMarketing', 1, '2015-12-08 12:28:03', '2015-12-08 12:28:03'), (18, 'Predictive', 'Predictive Bundle', 'predictive', 1, '2015-12-08 12:28:03', '2015-12-08 12:28:03');

INSERT INTO marketing_feature (id, name, code, description, active, developer_config, locator_service_id, provisioning_URI, deprovisioning_URI, update_URI, created_at, updated_at) VALUES 	(1, 'Base', 'baseFeature', 'Base Feature', 1, NULL, 'mlmpod', '/administrator/subscriptionProvisioningAPI?doAction=provBaseModuleFeature', NULL, '/rest/v1/featureHandler/operation/updateBase/munchkinId/{tenantUUID}', '2015-12-08 12:28:03', '2015-12-08 12:28:03'), 	(2, 'Dynamic Content', 'dynamicContent', 'Dynamic Content', 1, NULL, 'mlmpod', '/rest/v1/featureHandler/operation/provisionDynamicContent/munchkinId/{tenantUUID}', '/rest/v1/featureHandler/operation/disableDynamicContent/munchkinId/{tenantUUID}', NULL, '2015-12-08 12:28:03', '2015-12-08 12:28:03'), 	(3, 'RCA', 'revenueCycleAnalytics', 'Revenue Cycle Analytics', 1, NULL, 'mlmpod', '/rest/v1/featureHandler/operation/provisionRCA/munchkinId/{tenantUUID}', '/rest/v1/featureHandler/operation/disableRCA/munchkinId/{tenantUUID}', NULL, '2015-12-08 12:28:03', '2015-12-08 12:28:03'), 	(4, 'Social Boost', 'socialBoost', 'Social Boost', 1, NULL, 'mlmpod', '/rest/v1/featureHandler/operation/provisionSocialBoost/munchkinId/{tenantUUID}', '/rest/v1/featureHandler/operation/disableSocialBoost/munchkinId/{tenantUUID}', NULL, '2015-12-08 12:28:03', '2015-12-08 12:28:03'), 	(5, 'Social Promotion', 'socialPromotion', 'Social Promotion', 1, NULL, 'mlmpod', '/rest/v1/featureHandler/operation/provisionSocialPromotion/munchkinId/{tenantUUID}', '/rest/v1/featureHandler/operation/disableSocialPromotion/munchkinId/{tenantUUID}', NULL, '2015-12-08 12:28:03', '2015-12-08 12:28:03'), 	(6, 'Workspaces', 'workspaces', 'Worspaces', 1, NULL, 'mlmpod', '/rest/v1/featureHandler/operation/provisionWorkspaces/munchkinId/{tenantUUID}', '/rest/v1/featureHandler/operation/disableWorkspaces/munchkinId/{tenantUUID}', NULL, '2015-12-08 12:28:03', '2015-12-08 12:28:03'), 	(7, 'SSO', 'singleSignOn', 'Single SignOn', 1, NULL, 'mlmpod', '/rest/v1/featureHandler/operation/provisionSSO/munchkinId/{tenantUUID}', '/rest/v1/featureHandler/operation/disableSSO/munchkinId/{tenantUUID}', NULL, '2015-12-08 12:28:03', '2015-12-08 12:28:03'), 	(8, 'Email AB Testing', 'emailAbTesting', 'Email AB Testing', 1, NULL, 'mlmpod', '/rest/v1/featureHandler/operation/provisionEmailABTesting/munchkinId/{tenantUUID}', '/rest/v1/featureHandler/operation/disableEmailABTesting/munchkinId/{tenantUUID}', NULL, '2015-12-08 12:28:03', '2015-12-08 12:28:03'), 	(9, 'Landing Page AB Test', 'landingPageABTest', 'Landing Page AB Test', 1, NULL, 'mlmpod', '/rest/v1/featureHandler/operation/provisionLandingPageABTest/munchkinId/{tenantUUID}', '/rest/v1/featureHandler/operation/disableLandingPageABTest/munchkinId/{tenantUUID}', NULL, '2015-12-08 12:28:03', '2015-12-08 12:28:03'), 	(10, 'Score', 'scoreTypeInNewCustomField', 'Score Type in New Custom Field', 1, NULL, 'mlmpod', '/rest/v1/featureHandler/operation/provisionScore/munchkinId/{tenantUUID}', '/rest/v1/featureHandler/operation/disableScore/munchkinId/{tenantUUID}', NULL, '2015-12-08 12:28:03', '2015-12-08 12:28:03'), 	(11, 'New Role', 'newRole', 'New Role', 1, NULL, 'mlmpod', '/rest/v1/featureHandler/operation/provisionNewRole/munchkinId/{tenantUUID}', '/rest/v1/featureHandler/operation/disableNewRole/munchkinId/{tenantUUID}', NULL, '2015-12-08 12:28:03', '2015-12-08 12:28:03'), 	(12, 'SEO', 'searchEngineOptimization', 'Search Engine Optimization', 1, NULL, 'mlmpod', '/rest/v1/featureHandler/operation/provisionSEO/munchkinId/{tenantUUID}', '/rest/v1/featureHandler/operation/disableSEO/munchkinId/{tenantUUID}', NULL, '2015-12-08 12:28:03', '2015-12-08 12:28:03'), 	(13, 'RTP', 'realTimePersonalization', 'Real-Time Personalization', 1, NULL, 'mlmpod', '/rest/v1/featureHandler/operation/provisionRTP/munchkinId/{tenantUUID}', '/rest/v1/featureHandler/operation/disableRTP/munchkinId/{tenantUUID}', NULL, '2015-12-08 12:28:03', '2015-12-08 12:28:03'), 	(14, 'Message Scripting', 'messageScripting', 'Message Scripting', 1, NULL, 'mlmpod', '/rest/v1/featureHandler/operation/provisionMessageScripting/munchkinId/{tenantUUID}', '/rest/v1/featureHandler/operation/disableMessageScripting/munchkinId/{tenantUUID}', NULL, '2015-12-08 12:28:03', '2015-12-08 12:28:03'), 	(15, 'Engagement Trend', 'engagementTrend', 'Engagement Trend', 1, NULL, 'mlmpod', '/rest/v1/featureHandler/operation/provisionEngagementTrend/munchkinId/{tenantUUID}', '/rest/v1/featureHandler/operation/disableEngagementTrend/munchkinId/{tenantUUID}', NULL, '2015-12-08 12:28:03', '2015-12-08 12:28:03'), 	(16, 'Webhook', 'webhook', 'Webhook', 1, NULL, 'mlmpod', '/rest/v1/featureHandler/operation/provisionWebhook/munchkinId/{tenantUUID}', '/rest/v1/featureHandler/operation/disableWebhook/munchkinId/{tenantUUID}', NULL, '2015-12-08 12:28:03', '2015-12-08 12:28:03'), 	(17, 'SFTP Export Import', 'SFTPExportImport', 'SFTP Export Import', 1, NULL, 'mlmpod', '/rest/v1/featureHandler/operation/provisionSftpExportImport/munchkinId/{tenantUUID}', '/rest/v1/featureHandler/operation/disableSftpExportImport/munchkinId/{tenantUUID}', NULL, '2015-12-08 12:28:03', '2015-12-08 12:28:03'), 	(18, 'Launchpoint', 'launchpoint', 'Launchpoint', 1, NULL, 'mlmpod', '/rest/v1/featureHandler/operation/provisionLaunchpoint/munchkinId/{tenantUUID}', '/rest/v1/featureHandler/operation/disableLaunchpoint/munchkinId/{tenantUUID}', NULL, '2015-12-08 12:28:03', '2015-12-08 12:28:03'), 	(19, 'Install Custom Services', 'installCustomServices', 'Install Custom Services', 1, NULL, 'mlmpod', '/rest/v1/featureHandler/operation/provisionInstallCustomServices/munchkinId/{tenantUUID}', '/rest/v1/featureHandler/operation/disableInstallCustomServices/munchkinId/{tenantUUID}', NULL, '2015-12-08 12:28:03', '2015-12-08 12:28:03'), 	(20, 'Asset API', 'enableAssetAPI', 'Enable Asset API', 1, NULL, 'mlmpod', '/rest/v1/featureHandler/operation/provisionAssetAPI/munchkinId/{tenantUUID}', '/rest/v1/featureHandler/operation/disableAssetAPI/munchkinId/{tenantUUID}', NULL, '2015-12-08 12:28:03', '2015-12-08 12:28:03'), 	(21, 'RCE', 'revenueCycleExplorer', 'Revenue Cycle Explorer', 1, NULL, 'mlmpod', '/rest/v1/featureHandler/operation/provisionRCE/munchkinId/{tenantUUID}', '/rest/v1/featureHandler/operation/disableRCE/munchkinId/{tenantUUID}', NULL, '2015-12-08 12:28:03', '2015-12-08 12:28:03'), 	(22, 'Calendar', 'marketingCalendar', 'Marketing Calendar', 1, NULL, 'mlmpod', '/rest/v1/featureHandler/operation/provisionCalendar/munchkinId/{tenantUUID}', '/rest/v1/featureHandler/operation/disableCalendar/munchkinId/{tenantUUID}', NULL, '2015-12-08 12:28:03', '2015-12-08 12:28:03'), 	(23, 'Calendar Presentations', 'calendarPresentations', 'Calendar Presentations', 1, NULL, 'mlmpod', '/rest/v1/featureHandler/operation/provisionCalendarPresentations/munchkinId/{tenantUUID}', '/rest/v1/featureHandler/operation/disableCalendarPresentations/munchkinId/{tenantUUID}', NULL, '2015-12-08 12:28:03', '2015-12-08 12:28:03'), 	(24, 'RCM', 'revenueCycleMarketing', 'Revenue Cycle Marketing', 1, NULL, 'mlmpod', '/rest/v1/featureHandler/operation/provisionRCM/munchkinId/{tenantUUID}', '/rest/v1/featureHandler/operation/disableRCM/munchkinId/{tenantUUID}', NULL, '2015-12-08 12:28:03', '2015-12-08 12:28:03'), 	(25, 'Program Analyzer', 'programAnalyzer', NULL, 1, NULL, 'mlmpod', '/rest/v1/featureHandler/operation/provisionProgramAnalyzer/munchkinId/{tenantUUID}', '/rest/v1/featureHandler/operation/disableProgramAnalyzer/munchkinId/{tenantUUID}', NULL, '2015-12-08 12:28:03', '2015-12-08 12:28:03'), 	(26, 'Success Path Analyzer', 'successPathAnalyzer', NULL, 1, NULL, 'mlmpod', '/rest/v1/featureHandler/operation/provisionSuccessPathAnalyzer/munchkinId/{tenantUUID}', '/rest/v1/featureHandler/operation/disableSuccessPathAnalyzer/munchkinId/{tenantUUID}', NULL, '2015-12-08 12:28:03', '2015-12-08 12:28:03'), 	(27, 'Opportunity Influence Analyzer', 'optyInfluenceAnalyzer', NULL, 1, NULL, 'mlmpod', '/rest/v1/featureHandler/operation/provisionOptyInfluenceAnalyzer/munchkinId/{tenantUUID}', '/rest/v1/featureHandler/operation/disableOptyInfluenceAnalyzer/munchkinId/{tenantUUID}', NULL, '2015-12-08 12:28:03', '2015-12-08 12:28:03'), 	(28, 'B2C RCA', 'b2cRca', NULL, 1, NULL, 'mlmpod', '/rest/v1/featureHandler/operation/provisionB2CRCA/munchkinId/{tenantUUID}', '/rest/v1/featureHandler/operation/disableB2CRCA/munchkinId/{tenantUUID}', NULL, '2015-12-08 12:28:03', '2015-12-08 12:28:03'), 	(29, 'SmartList Report Subscription', 'smartListReportSubscription', NULL, 1, NULL, 'mlmpod', '/rest/v1/featureHandler/operation/provisionSmartlistReportSubscription/munchkinId/{tenantUUID}', '/rest/v1/featureHandler/operation/disableSmartlistReportSubscription/munchkinId/{tenantUUID}', NULL, '2015-12-08 12:28:03', '2015-12-08 12:28:03'), 	(30, 'Ad Bridge', 'adBridge', NULL, 1, NULL, 'mlmpod', '/rest/v1/featureHandler/operation/provisionAdBridge/munchkinId/{tenantUUID}', '/rest/v1/featureHandler/operation/disableAdBridge/munchkinId/{tenantUUID}', NULL, '2015-12-08 12:28:03', '2015-12-08 12:28:03'), 	(31, 'Mkto Custom Object', 'mktoCustomObject', NULL, 1, NULL, 'mlmpod', '/rest/v1/featureHandler/operation/provisionMktoCustomObject/munchkinId/{tenantUUID}', '/rest/v1/featureHandler/operation/disableMktoCustomObject/munchkinId/{tenantUUID}', '/rest/v1/featureHandler/operation/updateCustomObjectFeature/munchkinId/{tenantUUID}', '2015-12-08 12:28:03', '2015-12-08 12:28:03'), 	(32, 'Mkto Stand Alone Custom Object', 'mktoStandAloneCustomObject', 'Mkto Stand Alone Custom Object', 1, NULL, 'mlmpod', '/rest/v1/featureHandler/operation/provisionMktoStandAloneCustomObject/munchkinId/{tenantUUID}', '/rest/v1/featureHandler/operation/disableMktoStandAloneCustomObject/munchkinId/{tenantUUID}', NULL, '2015-12-08 12:28:03', '2015-12-08 12:28:03'), 	(33, 'Google Adwords', 'googleAdwords', 'Google Adwords', 1, NULL, 'mlmpod', '/rest/v1/featureHandler/operation/provisionAdWords/munchkinId/{tenantUUID}', '/rest/v1/featureHandler/operation/disableAdWords/munchkinId/{tenantUUID}', NULL, '2015-12-08 12:28:03', '2015-12-08 12:28:03'), 	(34, 'Sales Insight Module', 'salesInsightModule', NULL, 1, NULL, 'mlmpod', '/rest/v1/featureHandler/operation/provisionSalesInsight/munchkinId/{tenantUUID}', '/rest/v1/featureHandler/operation/disableSalesInsight/munchkinId/{tenantUUID}', NULL, '2015-12-08 12:28:03', '2015-12-08 12:28:03'), 	(35, 'Outlook PlugIn Module', 'outlookPlugInModule', NULL, 1, NULL, 'mlmpod', '/rest/v1/featureHandler/operation/provisionOutlookPlugInModule/munchkinId/{tenantUUID}', '/rest/v1/featureHandler/operation/disableOutlookPlugInModule/munchkinId/{tenantUUID}', NULL, '2015-12-08 12:28:03', '2015-12-08 12:28:03'), 	(36, 'Ad Personalization', 'adPersonalization', NULL, 1, NULL, 'mlmpod', '/rest/v1/featureHandler/operation/provisionAdPersonalization/munchkinId/{tenantUUID}', '/rest/v1/featureHandler/operation/disableAdPersonalization/munchkinId/{tenantUUID}', NULL, '2015-12-08 12:28:03', '2015-12-08 12:28:03'), 	(37, 'Event Module', 'eventModule', NULL, 1, NULL, 'mlmpod', '/rest/v1/featureHandler/operation/provisionEventModule/munchkinId/{tenantUUID}', '/rest/v1/featureHandler/operation/disableEventModule/munchkinId/{tenantUUID}', NULL, '2015-12-08 12:28:03', '2015-12-08 12:28:03'), 	(38, 'Vespa Integration V1', 'vespaIntegrationV1', NULL, 1, NULL, 'mlmpod', '/rest/v1/featureHandler/operation/provisionVespaIntegrationV1/munchkinId/{tenantUUID}', '/rest/v1/featureHandler/operation/disableVespaIntegrationV1/munchkinId/{tenantUUID}', NULL, '2015-12-08 12:28:03', '2015-12-08 12:28:03'), 	(39, 'Vespa Integration V15', 'vespaIntegrationV15', NULL, 1, NULL, 'mlmpod', '/rest/v1/featureHandler/operation/provisionVespaIntegrationV15/munchkinId/{tenantUUID}', '/rest/v1/featureHandler/operation/disableVespaIntegrationV15/munchkinId/{tenantUUID}', NULL, '2015-12-08 12:28:03', '2015-12-08 12:28:03'), 	(40, 'Vespa Secure Mode', 'vespaSecureMode', NULL, 1, NULL, 'mlmpod', '/rest/v1/featureHandler/operation/provisionVespaSecureMode/munchkinId/{tenantUUID}', '/rest/v1/featureHandler/operation/disableVespaSecureMode/munchkinId/{tenantUUID}', NULL, '2015-12-08 12:28:03', '2015-12-08 12:28:03'), 	(41, 'Nurture Push Notification', 'nurturePushNotification', NULL, 1, NULL, 'mlmpod', '/rest/v1/featureHandler/operation/provisionNurturePushNotification/munchkinId/{tenantUUID}', '/rest/v1/featureHandler/operation/disableNurturePushNotification/munchkinId/{tenantUUID}', NULL, '2015-12-08 12:28:03', '2015-12-08 12:28:03'), 	(42, 'CRM', 'crmModule', 'Control native SFDC and MSD CRM Integration', 1, NULL, 'mlmpod', '/rest/v1/featureHandler/operation/provisionCrmModule/munchkinId/{tenantUUID}', '/rest/v1/featureHandler/operation/disableCrmModule/munchkinId/{tenantUUID}', NULL, '2015-12-08 12:28:03', '2015-12-08 12:28:03'), 	(43, 'RTP Account Based Marketing', 'accountMarketingRTP', NULL, 1, NULL, 'mlmpod', '/rest/v1/featureHandler/operation/provisionRtpAccountMarketing/munchkinId/{tenantUUID}', '/rest/v1/featureHandler/operation/disableRtpAccountMarketing/munchkinId/{tenantUUID}', NULL, '2015-12-08 12:28:03', '2015-12-08 12:28:03'), 	(44, 'RTP Predictive', 'predictiveRTP', NULL, 1, '[{ "name" : { "field" : "podName", "displayField" : "RTP Pod" }, "type" : "picklist", "required" : true, "metadata" : {"valueType" : "string", "tag" : "rtp"} }]', 'mlmpod', '/rest/v1/featureHandler/operation/provisionRtpPredictive/munchkinId/{tenantUUID}', '/rest/v1/featureHandler/operation/disableRtpPredictive/munchkinId/{tenantUUID}', NULL, '2016-02-05 07:48:25', '2016-02-05 07:48:25');

INSERT INTO marketing_bundle_detail (id, marketing_bundle_id, child_marketing_bundle_id, marketing_feature_id, bundle_feature_config, is_optional, active, created_at, updated_at) VALUES (0, 1, NULL,1, NULL, 0, 1, '2015-12-08 12:28:03', '2015-12-08 12:28:03'),(1, 1, NULL, 2, NULL, 0, 1, '2015-12-08 12:28:03', '2015-12-08 12:28:03'), 	(2, 1, NULL, 7, NULL, 0, 1, '2015-12-08 12:28:03', '2015-12-08 12:28:03'), 	(3, 1, NULL, 8, NULL, 0, 1, '2015-12-08 12:28:03', '2015-12-08 12:28:03'), 	(4, 1, NULL, 9, NULL, 0, 1, '2015-12-08 12:28:03', '2015-12-08 12:28:03'), 	(5, 1, NULL, 15, NULL, 0, 1, '2015-12-08 12:28:03', '2015-12-08 12:28:03'), 	(6, 1, NULL, 29, NULL, 0, 1, '2015-12-08 12:28:03', '2015-12-08 12:28:03'), 	(7, 1, NULL, 10, NULL, 0, 1, '2015-12-08 12:28:03', '2015-12-08 12:28:03'), 	(8, 1, NULL, 11, NULL, 0, 1, '2015-12-08 12:28:03', '2015-12-08 12:28:03'), 	(9, 1, NULL, 14, NULL, 0, 1, '2015-12-08 12:28:03', '2015-12-08 12:28:03'), 	(10, 1, NULL, 16, NULL, 0, 1, '2015-12-08 12:28:03', '2015-12-08 12:28:03'), 	(11, 1, NULL, 17, NULL, 0, 1, '2015-12-08 12:28:03', '2015-12-08 12:28:03'), 	(12, 1, NULL, 18, NULL, 0, 1, '2015-12-08 12:28:03', '2015-12-08 12:28:03'), 	(13, 1, NULL, 19, NULL, 0, 1, '2015-12-08 12:28:03', '2015-12-08 12:28:03'), 	(14, 2, NULL, 12, NULL, 0, 1, '2015-12-08 12:28:03', '2015-12-08 12:28:03'), 	(15, 3, NULL, 3, NULL, 0, 1, '2015-12-08 12:28:03', '2015-12-08 12:28:03'), 	(16, 3, NULL, 25, NULL, 0, 1, '2015-12-08 12:28:03', '2015-12-08 12:28:03'), 	(17, 4, NULL, 3, NULL, 0, 1, '2015-12-08 12:28:03', '2015-12-08 12:28:03'), 	(18, 4, NULL, 21, NULL, 0, 1, '2015-12-08 12:28:03', '2015-12-08 12:28:03'), 	(19, 5, NULL, 3, NULL, 0, 1, '2015-12-08 12:28:03', '2015-12-08 12:28:03'), 	(20, 5, NULL, 27, NULL, 0, 1, '2015-12-08 12:28:03', '2015-12-08 12:28:03'), 	(21, 5, NULL, 24, '{"rcmLimit":1 }', 0, 1, '2015-12-08 12:28:03', '2015-12-08 12:28:03'), 	(22, 5, NULL, 26, NULL, 0, 1, '2015-12-08 12:28:03', '2015-12-08 12:28:03'), 	(23, 5, NULL, 33, NULL, 0, 1, '2015-12-08 12:28:03', '2015-12-08 12:28:03'), 	(24, 6, NULL, 22, '{"calendarSeats" : 5}', 0, 1, '2015-12-08 12:28:03', '2015-12-08 12:28:03'), 	(25, 6, NULL, 23, NULL, 0, 1, '2015-12-08 12:28:03', '2015-12-08 12:28:03'), 	(26, 7, NULL, 34, '{"sisSeats":5 }', 0, 1, '2015-12-08 12:28:03', '2015-12-08 12:28:03'), 	(27, 8, NULL, 35, '{"lissSeats":5 }', 0, 1, '2015-12-08 12:28:03', '2015-12-08 12:28:03'), 	(28, 9, NULL, 36, NULL, 0, 1, '2015-12-08 12:28:03', '2015-12-08 12:28:03'), 	(29, 10, NULL, 4, NULL, 0, 1, '2015-12-08 12:28:03', '2015-12-08 12:28:03'), 	(30, 10, NULL, 5, NULL, 0, 1, '2015-12-08 12:28:03', '2015-12-08 12:28:03'), 	(31, 11, NULL, 37, NULL, 0, 1, '2015-12-08 12:28:03', '2015-12-08 12:28:03'), 	(32, 12, NULL, 38, NULL, 0, 1, '2015-12-08 12:28:03', '2015-12-08 12:28:03'), 	(33, 12, NULL, 39, NULL, 0, 1, '2015-12-08 12:28:03', '2015-12-08 12:28:03'), 	(34, 12, NULL, 40, NULL, 0, 1, '2015-12-08 12:28:03', '2015-12-08 12:28:03'), 	(35, 12, NULL, 41, NULL, 0, 1, '2015-12-08 12:28:03', '2015-12-08 12:28:03'), 	(36, 13, NULL, 6, NULL, 0, 1, '2015-12-08 12:28:03', '2015-12-08 12:28:03'), 	(37, 14, NULL, 32, NULL, 0, 1, '2015-12-08 12:28:03', '2015-12-08 12:28:03'), 	(38, 15, NULL, 42, NULL, 0, 1, '2015-12-08 12:28:03', '2015-12-08 12:28:03'), 	(39, 16, NULL, 13, NULL, 0, 1, '2015-12-08 12:28:03', '2015-12-08 12:28:03'), 	(40, 17, NULL, 43, NULL, 0, 1, '2015-12-08 12:28:03', '2015-12-08 12:28:03'), 	(41, 18, NULL, 44, NULL, 0, 1, '2015-12-08 12:28:03', '2015-12-08 12:28:03');


/*!40101 SET SQL_MODE=@OLD_SQL_MODE */;
/*!40014 SET FOREIGN_KEY_CHECKS=@OLD_FOREIGN_KEY_CHECKS */;
/*!40014 SET UNIQUE_CHECKS=@OLD_UNIQUE_CHECKS */;
/*!40101 SET CHARACTER_SET_CLIENT=@OLD_CHARACTER_SET_CLIENT */;
/*!40101 SET CHARACTER_SET_RESULTS=@OLD_CHARACTER_SET_RESULTS */;
/*!40101 SET COLLATION_CONNECTION=@OLD_COLLATION_CONNECTION */;
/*!40111 SET SQL_NOTES=@OLD_SQL_NOTES */;
SET DATABASE REFERENTIAL INTEGRITY TRUE;

